"","x"
"1","1-savefiles/cis/class/normal/n200/cv/"
"2","1-savefiles/cis/class/normal/n200/nocv/"
"3","1-savefiles/cis/class/normal/n400/cv/"
"4","1-savefiles/cis/class/normal/n400/nocv/"
"5","1-savefiles/cis/class/caret/n200/cv/"
"6","1-savefiles/cis/class/caret/n200/nocv/"
"7","1-savefiles/cis/class/caret/n400/cv/"
"8","1-savefiles/cis/class/caret/n400/nocv/"
"9","1-savefiles/cis/auc/normal/n400/cv/"
"10","1-savefiles/cis/auc/normal/n600/cv/"
"11","1-savefiles/cis/auc/caret/n400/cv/"
"12","1-savefiles/cis/auc/caret/n600/cv/"
